<?xml version="1.0" encoding="ISO-8859-1"?>
<StyledLayerDescriptor version="1.0.0" xmlns="http://www.opengis.net/sld" xmlns:ogc="http://www.opengis.net/ogc"
  xmlns:xlink="http://www.w3.org/1999/xlink" xmlns:xsi="http://www.w3.org/2001/XMLSchema-instance"
  xsi:schemaLocation="http://www.opengis.net/sld http://schemas.opengis.net/sld/1.0.0/StyledLayerDescriptor.xsd">
	<NamedLayer>
		<Name>Begroeid terreindeel</Name>
		<UserStyle>
			<Title>Visualisatie van de begroeide terreindelen</Title>
			<Abstract>Deze stylesheet bevat de regels voor de visualisatie van het objecttype Begroeid Terreindeel</Abstract>
			<FeatureTypeStyle>
				<Rule>
					<Name>0010-01-00-01</Name>
					<Title>Boomteelt</Title>
					<ogc:Filter>
						<ogc:PropertyIsEqualTo>
							<ogc:PropertyName>bgt-fysiekVoorkomen</ogc:PropertyName>
							<ogc:Literal>boomteelt</ogc:Literal>
						</ogc:PropertyIsEqualTo>
					</ogc:Filter>
					<MinScaleDenominator>0</MinScaleDenominator>
					<MaxScaleDenominator>5000</MaxScaleDenominator>
					<PolygonSymbolizer>
						<Fill>
							<CssParameter name="fill">#c3dbb6</CssParameter>
						</Fill>
						<Stroke>
							<CssParameter name="stroke">#c3dbb6</CssParameter>
							<CssParameter name="stroke-width">1</CssParameter>
						</Stroke>
					</PolygonSymbolizer>
				</Rule>
				<Rule>
					<Name>0010-02-00-01</Name>
					<Title>Bouwland</Title>
					<ogc:Filter>
						<ogc:PropertyIsEqualTo>
							<ogc:PropertyName>bgt-fysiekVoorkomen</ogc:PropertyName>
							<ogc:Literal>bouwland</ogc:Literal>
						</ogc:PropertyIsEqualTo>
					</ogc:Filter>
					<MinScaleDenominator>0</MinScaleDenominator>
					<MaxScaleDenominator>5000</MaxScaleDenominator>
					<PolygonSymbolizer>
						<Fill>
							<CssParameter name="fill">#f3f5f6f</CssParameter>
						</Fill>
						<Stroke>
							<CssParameter name="stroke">#f3f5f6f</CssParameter>
							<CssParameter name="stroke-width">1</CssParameter>
						</Stroke>
					</PolygonSymbolizer>
				</Rule>
				<Rule>
					<Name>0010-03-00-01</Name>
					<Title>Duin</Title>
					<ogc:Filter>
						<ogc:PropertyIsEqualTo>
							<ogc:PropertyName>bgt-fysiekVoorkomen</ogc:PropertyName>
							<ogc:Literal>duin</ogc:Literal>
						</ogc:PropertyIsEqualTo>
					</ogc:Filter>
					<MinScaleDenominator>0</MinScaleDenominator>
					<MaxScaleDenominator>5000</MaxScaleDenominator>
					<PolygonSymbolizer>
						<Fill>
							<CssParameter name="fill">#fdf6bb</CssParameter>
						</Fill>
						<Stroke>
							<CssParameter name="stroke">#fdf6bb</CssParameter>
							<CssParameter name="stroke-width">1</CssParameter>
						</Stroke>
					</PolygonSymbolizer>
				</Rule>
				<Rule>
					<Name>0010-04-00-01</Name>
					<Title>Fruitteelt</Title>
					<ogc:Filter>
						<ogc:PropertyIsEqualTo>
							<ogc:PropertyName>bgt-fysiekVoorkomen</ogc:PropertyName>
							<ogc:Literal>fruitteelt</ogc:Literal>
						</ogc:PropertyIsEqualTo>
					</ogc:Filter>
					<MinScaleDenominator>0</MinScaleDenominator>
					<MaxScaleDenominator>5000</MaxScaleDenominator>
					<PolygonSymbolizer>
						<Fill>
							<CssParameter name="fill">#f3f5f6f</CssParameter>
						</Fill>
						<Stroke>
							<CssParameter name="stroke">#f3f5f6f</CssParameter>
							<CssParameter name="stroke-width">1</CssParameter>
						</Stroke>
					</PolygonSymbolizer>
				</Rule>
				<Rule>
					<Name>0010-05-00-01</Name>
					<Title>Gemengd bos</Title>
					<ogc:Filter>
						<ogc:PropertyIsEqualTo>
							<ogc:PropertyName>bgt-fysiekVoorkomen</ogc:PropertyName>
							<ogc:Literal>gemengd bos</ogc:Literal>
						</ogc:PropertyIsEqualTo>
					</ogc:Filter>
					<MinScaleDenominator>0</MinScaleDenominator>
					<MaxScaleDenominator>5000</MaxScaleDenominator>
					<PolygonSymbolizer>
						<Fill>
							<CssParameter name="fill">#c3dbb6</CssParameter>
						</Fill>
						<Stroke>
							<CssParameter name="stroke">#c3dbb6</CssParameter>
							<CssParameter name="stroke-width">1</CssParameter>
						</Stroke>
					</PolygonSymbolizer>
				</Rule>
				<Rule>
					<Name>0010-06-00-01</Name>
					<Title>Grasland agrarisch</Title>
					<ogc:Filter>
						<ogc:PropertyIsEqualTo>
							<ogc:PropertyName>bgt-fysiekVoorkomen</ogc:PropertyName>
							<ogc:Literal>grasland agrarisch</ogc:Literal>
						</ogc:PropertyIsEqualTo>
					</ogc:Filter>
					<MinScaleDenominator>0</MinScaleDenominator>
					<MaxScaleDenominator>5000</MaxScaleDenominator>
					<PolygonSymbolizer>
						<Fill>
							<CssParameter name="fill">#f3f5f6</CssParameter>
						</Fill>
						<Stroke>
							<CssParameter name="stroke">#f3f5f6</CssParameter>
							<CssParameter name="stroke-width">1</CssParameter>
						</Stroke>
					</PolygonSymbolizer>
				</Rule>
				<Rule>
					<Name>0010-07-00-01</Name>
					<Title>Grasland overig</Title>
					<ogc:Filter>
						<ogc:PropertyIsEqualTo>
							<ogc:PropertyName>bgt-fysiekVoorkomen</ogc:PropertyName>
							<ogc:Literal>grasland overig</ogc:Literal>
						</ogc:PropertyIsEqualTo>
					</ogc:Filter>
					<MinScaleDenominator>0</MinScaleDenominator>
					<MaxScaleDenominator>5000</MaxScaleDenominator>
					<PolygonSymbolizer>
						<Fill>
							<CssParameter name="fill">#f3f5f6</CssParameter>
						</Fill>
						<Stroke>
							<CssParameter name="stroke">#f3f5f6</CssParameter>
							<CssParameter name="stroke-width">1</CssParameter>
						</Stroke>
					</PolygonSymbolizer>
				</Rule>
				<Rule>
					<Name>0010-08-00-01</Name>
					<Title>Groenvoorziening</Title>
					<ogc:Filter>
						<ogc:PropertyIsEqualTo>
							<ogc:PropertyName>bgt-fysiekVoorkomen</ogc:PropertyName>
							<ogc:Literal>groenvoorziening</ogc:Literal>
						</ogc:PropertyIsEqualTo>
					</ogc:Filter>
					<MinScaleDenominator>0</MinScaleDenominator>
					<MaxScaleDenominator>5000</MaxScaleDenominator>
					<PolygonSymbolizer>
						<Fill>
							<CssParameter name="fill">#c3dbb6</CssParameter>
						</Fill>
						<Stroke>
							<CssParameter name="stroke">#c3dbb6</CssParameter>
							<CssParameter name="stroke-width">1</CssParameter>
						</Stroke>
					</PolygonSymbolizer>
				</Rule>
				<Rule>
					<Name>0010-09-00-01</Name>
					<Title>Heide</Title>
					<ogc:Filter>
						<ogc:PropertyIsEqualTo>
							<ogc:PropertyName>bgt-fysiekVoorkomen</ogc:PropertyName>
							<ogc:Literal>heide</ogc:Literal>
						</ogc:PropertyIsEqualTo>
					</ogc:Filter>
					<MinScaleDenominator>0</MinScaleDenominator>
					<MaxScaleDenominator>5000</MaxScaleDenominator>
					<PolygonSymbolizer>
						<Fill>
							<CssParameter name="fill">#c3dbb6</CssParameter>
						</Fill>
						<Stroke>
							<CssParameter name="stroke">#c3dbb6</CssParameter>
							<CssParameter name="stroke-width">1</CssParameter>
						</Stroke>
					</PolygonSymbolizer>
				</Rule>
				<Rule>
					<Name>0010-10-00-01</Name>
					<Title>Houtwal</Title>
					<ogc:Filter>
						<ogc:PropertyIsEqualTo>
							<ogc:PropertyName>bgt-fysiekVoorkomen</ogc:PropertyName>
							<ogc:Literal>houtwal</ogc:Literal>
						</ogc:PropertyIsEqualTo>
					</ogc:Filter>
					<MinScaleDenominator>0</MinScaleDenominator>
					<MaxScaleDenominator>5000</MaxScaleDenominator>
					<PolygonSymbolizer>
						<Fill>
							<CssParameter name="fill">#c3dbb6</CssParameter>
						</Fill>
						<Stroke>
							<CssParameter name="stroke">#c3dbb6</CssParameter>
							<CssParameter name="stroke-width">1</CssParameter>
						</Stroke>
					</PolygonSymbolizer>
				</Rule>
				<Rule>
					<Name>0010-11-00-01</Name>
					<Title>Kwelder</Title>
					<ogc:Filter>
						<ogc:PropertyIsEqualTo>
							<ogc:PropertyName>bgt-fysiekVoorkomen</ogc:PropertyName>
							<ogc:Literal>kwelder</ogc:Literal>
						</ogc:PropertyIsEqualTo>
					</ogc:Filter>
					<MinScaleDenominator>0</MinScaleDenominator>
					<MaxScaleDenominator>5000</MaxScaleDenominator>
					<PolygonSymbolizer>
						<Fill>
							<CssParameter name="fill">#c3dbb6</CssParameter>
						</Fill>
						<Stroke>
							<CssParameter name="stroke">#c3dbb6</CssParameter>
							<CssParameter name="stroke-width">1</CssParameter>
						</Stroke>
					</PolygonSymbolizer>
				</Rule>
				<Rule>
					<Name>0010-12-00-01</Name>
					<Title>Loofbos</Title>
					<ogc:Filter>
						<ogc:PropertyIsEqualTo>
							<ogc:PropertyName>bgt-fysiekVoorkomen</ogc:PropertyName>
							<ogc:Literal>loofbos</ogc:Literal>
						</ogc:PropertyIsEqualTo>
					</ogc:Filter>
					<MinScaleDenominator>0</MinScaleDenominator>
					<MaxScaleDenominator>5000</MaxScaleDenominator>
					<PolygonSymbolizer>
						<Fill>
							<CssParameter name="fill">#c3dbb6</CssParameter>
						</Fill>
						<Stroke>
							<CssParameter name="stroke">#c3dbb6</CssParameter>
							<CssParameter name="stroke-width">1</CssParameter>
						</Stroke>
					</PolygonSymbolizer>
				</Rule>
				<Rule>
					<Name>0010-13-00-01</Name>
					<Title>Moeras</Title>
					<ogc:Filter>
						<ogc:PropertyIsEqualTo>
							<ogc:PropertyName>bgt-fysiekVoorkomen</ogc:PropertyName>
							<ogc:Literal>moeras</ogc:Literal>
						</ogc:PropertyIsEqualTo>
					</ogc:Filter>
					<MinScaleDenominator>0</MinScaleDenominator>
					<MaxScaleDenominator>5000</MaxScaleDenominator>
					<PolygonSymbolizer>
						<Fill>
							<CssParameter name="fill">#c3dbb6</CssParameter>
						</Fill>
						<Stroke>
							<CssParameter name="stroke">#c3dbb6</CssParameter>
							<CssParameter name="stroke-width">1</CssParameter>
						</Stroke>
					</PolygonSymbolizer>
				</Rule>
				<Rule>
					<Name>0010-14-00-01</Name>
					<Title>Naaldbos</Title>
					<ogc:Filter>
						<ogc:PropertyIsEqualTo>
							<ogc:PropertyName>bgt-fysiekVoorkomen</ogc:PropertyName>
							<ogc:Literal>naaldbos</ogc:Literal>
						</ogc:PropertyIsEqualTo>
					</ogc:Filter>
					<MinScaleDenominator>0</MinScaleDenominator>
					<MaxScaleDenominator>5000</MaxScaleDenominator>
					<PolygonSymbolizer>
						<Fill>
							<CssParameter name="fill">#c3dbb6</CssParameter>
						</Fill>
						<Stroke>
							<CssParameter name="stroke">#c3dbb6</CssParameter>
							<CssParameter name="stroke-width">1</CssParameter>
						</Stroke>
					</PolygonSymbolizer>
				</Rule>
				<Rule>
					<Name>0010-15-00-01</Name>
					<Title>Rietland</Title>
					<ogc:Filter>
						<ogc:PropertyIsEqualTo>
							<ogc:PropertyName>bgt-fysiekVoorkomen</ogc:PropertyName>
							<ogc:Literal>rietland</ogc:Literal>
						</ogc:PropertyIsEqualTo>
					</ogc:Filter>
					<MinScaleDenominator>0</MinScaleDenominator>
					<MaxScaleDenominator>5000</MaxScaleDenominator>
					<PolygonSymbolizer>
						<Fill>
							<CssParameter name="fill">#c3dbb6</CssParameter>
						</Fill>
						<Stroke>
							<CssParameter name="stroke">#c3dbb6</CssParameter>
							<CssParameter name="stroke-width">1</CssParameter>
						</Stroke>
					</PolygonSymbolizer>
				</Rule>
				<Rule>
					<Name>0010-16-00-01</Name>
					<Title>Struiken</Title>
					<ogc:Filter>
						<ogc:PropertyIsEqualTo>
							<ogc:PropertyName>bgt-fysiekVoorkomen</ogc:PropertyName>
							<ogc:Literal>struiken</ogc:Literal>
						</ogc:PropertyIsEqualTo>
					</ogc:Filter>
					<MinScaleDenominator>0</MinScaleDenominator>
					<MaxScaleDenominator>5000</MaxScaleDenominator>
					<PolygonSymbolizer>
						<Fill>
							<CssParameter name="fill">#f3f5f6</CssParameter>
						</Fill>
						<Stroke>
							<CssParameter name="stroke">#f3f5f6</CssParameter>
							<CssParameter name="stroke-width">1</CssParameter>
						</Stroke>
					</PolygonSymbolizer>
				</Rule>
				<Rule>
					<Name>0010-99-00-01</Name>
					<Title>Transitie</Title>
					<ogc:Filter>
						<ogc:PropertyIsEqualTo>
							<ogc:PropertyName>bgt-fysiekVoorkomen</ogc:PropertyName>
							<ogc:Literal>transitie</ogc:Literal>
						</ogc:PropertyIsEqualTo>
					</ogc:Filter>
					<MinScaleDenominator>0</MinScaleDenominator>
					<MaxScaleDenominator>5000</MaxScaleDenominator>
					<PolygonSymbolizer>
						<Fill>
							<CssParameter name="fill">#f2f2f2</CssParameter>
						</Fill>
						<Stroke>
							<CssParameter name="stroke">#535353</CssParameter>
							<CssParameter name="stroke-width">2</CssParameter>
							<CssParameter name="stroke-dasharray">6 3</CssParameter>
						</Stroke>
					</PolygonSymbolizer>
				</Rule>
			</FeatureTypeStyle>
		</UserStyle>
	</NamedLayer>
</StyledLayerDescriptor>
