<?xml version="1.0" encoding="ISO-8859-1"?>
<StyledLayerDescriptor version="1.0.0" xmlns="http://www.opengis.net/sld" xmlns:ogc="http://www.opengis.net/ogc" xmlns:xlink="http://www.w3.org/1999/xlink" xmlns:xsi="http://www.w3.org/2001/XMLSchema-instance" xsi:schemaLocation="http://www.opengis.net/sld http://schemas.opengis.net/sld/1.0.0/StyledLayerDescriptor.xsd">
	<NamedLayer>
		<Name>Sensor</Name>
		<UserStyle>
			<Title>Visualisatie van de sensoren</Title>
			<Abstract>Deze stylesheet bevat de regels voor de visualisatie van het objecttype Sensor</Abstract>
			<FeatureTypeStyle>
				<Rule>
					<Name>0107-03-01-01</Name>
					<Title>Detectielus</Title>
					<ogc:Filter>
						<ogc:PropertyIsEqualTo>
							<ogc:PropertyName>plus-type</ogc:PropertyName>
							<ogc:Literal>detectielus</ogc:Literal>
						</ogc:PropertyIsEqualTo>
					</ogc:Filter>
					<MaxScaleDenominator>501</MaxScaleDenominator>
					<LineSymbolizer>
						<Stroke>
							<CssParameter name="stroke">#333333</CssParameter>
							<CssParameter name="stroke-width">1</CssParameter>
						</Stroke>
					</LineSymbolizer>
					<TextSymbolizer>
						<Label><![CDATA[ ]]></Label>
						<LabelPlacement>
							<LinePlacement />
						</LabelPlacement>
						<Graphic>
							<ExternalGraphic>
								<OnlineResource xlink:type="simple" xlink:href="sensor.svg"/>
								<Format>image/svg+xml</Format>
							</ExternalGraphic>
						</Graphic>
					</TextSymbolizer>
				</Rule>
				<Rule>
					<Name>0107-00-01-01</Name>
					<Title>Overige sensor</Title>
					<ogc:Filter>
						<ogc:PropertyIsEqualTo>
							<ogc:PropertyName>plus-type</ogc:PropertyName>
							<ogc:Literal>geenWaarde</ogc:Literal>
						</ogc:PropertyIsEqualTo>
					</ogc:Filter>
					<MaxScaleDenominator>501</MaxScaleDenominator>
					<LineSymbolizer>
						<Stroke>
							<CssParameter name="stroke">#333333</CssParameter>
							<CssParameter name="stroke-width">1</CssParameter>
						</Stroke>
					</LineSymbolizer>
					<TextSymbolizer>
						<Label><![CDATA[ ]]></Label>
						<LabelPlacement>
							<LinePlacement />
						</LabelPlacement>
						<Graphic>
							<ExternalGraphic>
								<OnlineResource xlink:type="simple" xlink:href="sensor.svg"/>
								<Format>image/svg+xml</Format>
							</ExternalGraphic>
						</Graphic>
					</TextSymbolizer>
				</Rule>
				<Rule>
					<Name>0107-03-02-01</Name>
					<Title>Detectielus</Title>
					<ogc:Filter>
						<ogc:PropertyIsEqualTo>
							<ogc:PropertyName>plus-type</ogc:PropertyName>
							<ogc:Literal>detectielus</ogc:Literal>
						</ogc:PropertyIsEqualTo>
					</ogc:Filter>
					<MinScaleDenominator>502</MinScaleDenominator>
					<MaxScaleDenominator>2501</MaxScaleDenominator>
					<LineSymbolizer>
						<Stroke>
							<CssParameter name="stroke">#333333</CssParameter>
							<CssParameter name="stroke-width">1</CssParameter>
						</Stroke>
					</LineSymbolizer>
				</Rule>
				<Rule>
					<Name>0107-00-02-01</Name>
					<Title>Overige sensor</Title>
					<ogc:Filter>
						<ogc:PropertyIsEqualTo>
							<ogc:PropertyName>plus-type</ogc:PropertyName>
							<ogc:Literal>geenWaarde</ogc:Literal>
						</ogc:PropertyIsEqualTo>
					</ogc:Filter>
					<MinScaleDenominator>502</MinScaleDenominator>
					<MaxScaleDenominator>2501</MaxScaleDenominator>
					<LineSymbolizer>
						<Stroke>
							<CssParameter name="stroke">#333333</CssParameter>
							<CssParameter name="stroke-width">1</CssParameter>
						</Stroke>
					</LineSymbolizer>
				</Rule>
				<VendorOption name="composite">multiply, 0.5</VendorOption>
			</FeatureTypeStyle>
		</UserStyle>
	</NamedLayer>
</StyledLayerDescriptor>
